,Autumn 2025 Assignment,Year in Program,"Will you TA for Autumn quarter?
","   If we cannot accommodate both a course and time request, which is more important?      ","
.120","
.124","
.125","
.126","
.134","
.208","
.Instructional Center Tutor","
.300","
.327","
.334","
.381","
.402","
.407","
.411","
.424","
.427","
.441","
.464","
.491","
.504","
.514","
.534","
.544","List any specific significant time conflicts on Tuesdays/Thursdays, such as seminars in your subject","Please include any additional comments here, including  RA/Fellowship details, any special understanding about what your TA job  will be, graduation plans, etc. "
1,Lead TA,4,Yes,Prioritize my time conflict request,,,,,,,,,,,,,,,,,,,,,,,,,I will be lead TA in Autumn quarter (not sure if I needed to fill this out). Thanks!
2,126 AA & AB,3,Yes,Prioritize my time conflict request,Acceptable,Acceptable,Acceptable,Preferred,Acceptable,Preferred,Acceptable,Preferred,Prefer to Avoid,Acceptable,Prefer to Avoid,Acceptable,Acceptable,Acceptable,Prefer to Avoid,Prefer to Avoid,Prefer to Avoid,Prefer to Avoid,Prefer to Avoid,Prefer to Avoid,Prefer to Avoid,Prefer to Avoid,Prefer to Avoid,"I would like to attend algebraic geometry seminar and the student ag seminar. I believe the refular ag seminar is tuesdays at 2:30, but if possible id like to also be able to make the lunches. The student ag seminar has been held on thursdays before, but i am not sure when exactly it will be held in the fall. ",
3,RA,5,No,Prioritize my course request,,,,,,,,,,,,,,,,,,,,,,,,,I will be supported on a RAship by my advisor Soumik Pal. 
4,208D Grade,5,Yes,Prioritize my time conflict request,Prefer to Avoid,Prefer to Avoid,Prefer to Avoid,Prefer to Avoid,Prefer to Avoid,Prefer to Avoid,Prefer to Avoid,Acceptable,Acceptable,Acceptable,Acceptable,Acceptable,Acceptable,Acceptable,Acceptable,Acceptable,Acceptable,Acceptable,Prefer to Avoid,Preferred,Prefer to Avoid,Prefer to Avoid,Prefer to Avoid,Tuesday conflict with AG (pre-)seminar 12:30-3:30,
5,124 GC & GD,4,Yes,Prioritize my course request,Prefer to Avoid,Acceptable,Prefer to Avoid,Acceptable,Acceptable,Preferred,Prefer to Avoid,Acceptable,Acceptable,Acceptable,Acceptable,Acceptable,Preferred,Acceptable,Prefer to Avoid,Prefer to Avoid,Acceptable,Acceptable,Prefer to Avoid,Prefer to Avoid,Acceptable,Prefer to Avoid,Prefer to Avoid,,
6,124 FC & FD,4,Yes,Prioritize my course request,Acceptable,Acceptable,Prefer to Avoid,Preferred,Prefer to Avoid,Preferred,Prefer to Avoid,Preferred,Acceptable,Prefer to Avoid,Acceptable,Preferred,Acceptable,Preferred,Prefer to Avoid,Acceptable,Acceptable,Prefer to Avoid,Prefer to Avoid,Prefer to Avoid,Acceptable,Prefer to Avoid,Prefer to Avoid,,
7,327 GRADE,5,Yes,Prioritize my time conflict request,Prefer to Avoid,Prefer to Avoid,Prefer to Avoid,Prefer to Avoid,Prefer to Avoid,Acceptable,Acceptable,Preferred,Preferred,Acceptable,Preferred,Preferred,Acceptable,Preferred,Acceptable,Prefer to Avoid,Acceptable,Prefer to Avoid,Prefer to Avoid,Prefer to Avoid,Prefer to Avoid,Prefer to Avoid,Prefer to Avoid,8am -12pm,"I have been offered a teaching position at SeattleU in the fall, so it would be helpful to have a grading position vs an in person TA position. I'm supposed to graduate by June of 2026, so hopefully that's still the plan."
8,125 BA & BB,5,Maybe,Prioritize my time conflict request,Prefer to Avoid,Acceptable,Preferred,Preferred,Prefer to Avoid,Prefer to Avoid,Prefer to Avoid,Prefer to Avoid,Prefer to Avoid,Prefer to Avoid,Prefer to Avoid,Prefer to Avoid,Prefer to Avoid,Prefer to Avoid,Prefer to Avoid,Prefer to Avoid,Prefer to Avoid,Prefer to Avoid,Prefer to Avoid,Prefer to Avoid,Prefer to Avoid,Prefer to Avoid,Prefer to Avoid,Tuesdays before 10am and after 2:30pm; Thursdays before 10am,I submitted an application for teaching GRDSCH 200 and have yet to hear back. I’m also waiting to hear back from some other alternative funding options. 
9,126 CA & CB,6,Yes,Prioritize my course request,Preferred,Acceptable,Acceptable,Preferred,Prefer to Avoid,Prefer to Avoid,Prefer to Avoid,Prefer to Avoid,Prefer to Avoid,Prefer to Avoid,Prefer to Avoid,Prefer to Avoid,Prefer to Avoid,Prefer to Avoid,Prefer to Avoid,Prefer to Avoid,Prefer to Avoid,Prefer to Avoid,Prefer to Avoid,Prefer to Avoid,Prefer to Avoid,Prefer to Avoid,Prefer to Avoid,,
10,126 DE & DF,6,Yes,Prioritize my course request,,,,,,Acceptable,,,,,Acceptable,,Acceptable,,,,,Preferred,Preferred,,,,,,I would like to TA Jarod's AI (Math 581: Mathematics and AI) class if possible
11,300D GRADE,6,Yes,Prioritize my course request,Prefer to Avoid,Prefer to Avoid,Prefer to Avoid,Acceptable,Prefer to Avoid,Acceptable,Prefer to Avoid,Preferred,Prefer to Avoid,Prefer to Avoid,Acceptable,Acceptable,Preferred,Acceptable,Acceptable,Prefer to Avoid,Acceptable,Acceptable,Preferred,Prefer to Avoid,Preferred,Prefer to Avoid,Prefer to Avoid,None,
12,126 CC & CD,4,Yes,Prioritize my course request,Prefer to Avoid,Prefer to Avoid,Acceptable,Preferred,Prefer to Avoid,Prefer to Avoid,Prefer to Avoid,Prefer to Avoid,Prefer to Avoid,Prefer to Avoid,Prefer to Avoid,Prefer to Avoid,Prefer to Avoid,Prefer to Avoid,Prefer to Avoid,Prefer to Avoid,Prefer to Avoid,Prefer to Avoid,Prefer to Avoid,Prefer to Avoid,Prefer to Avoid,Prefer to Avoid,Prefer to Avoid,,
13,441 GRADE,4,Yes,Prioritize my course request,Prefer to Avoid,Prefer to Avoid,Prefer to Avoid,Prefer to Avoid,Acceptable,Preferred,Acceptable,Acceptable,Preferred,Preferred,Prefer to Avoid,Acceptable,Prefer to Avoid,Acceptable,Preferred,Preferred,Preferred,Prefer to Avoid,Prefer to Avoid,Prefer to Avoid,Prefer to Avoid,Preferred,Preferred,,
14,120 BE & BF,2,Yes,Prioritize my course request,Preferred,Acceptable,Acceptable,Acceptable,Prefer to Avoid,,Acceptable,Preferred,Acceptable,Prefer to Avoid,Prefer to Avoid,Acceptable,Prefer to Avoid,Acceptable,Prefer to Avoid,Prefer to Avoid,Acceptable,Prefer to Avoid,Prefer to Avoid,Prefer to Avoid,Prefer to Avoid,Prefer to Avoid,Prefer to Avoid,,
15,441 GRADE,6,Yes,Prioritize my time conflict request,Prefer to Avoid,Prefer to Avoid,Prefer to Avoid,Prefer to Avoid,Prefer to Avoid,Acceptable,Prefer to Avoid,Acceptable,Prefer to Avoid,Prefer to Avoid,Prefer to Avoid,Acceptable,Prefer to Avoid,Prefer to Avoid,Prefer to Avoid,Prefer to Avoid,Preferred,Prefer to Avoid,Prefer to Avoid,Prefer to Avoid,Prefer to Avoid,Prefer to Avoid,Acceptable,"Tuesday evenings Topology seminars, and Monday evenings are student topology seminar",
16,124 AA & AB,2,Yes,Prioritize my course request,Preferred,Preferred,Preferred,Preferred,Preferred,Prefer to Avoid,Prefer to Avoid,Prefer to Avoid,Prefer to Avoid,Preferred,Prefer to Avoid,Prefer to Avoid,Prefer to Avoid,Prefer to Avoid,Prefer to Avoid,Prefer to Avoid,Prefer to Avoid,Preferred,Prefer to Avoid,Prefer to Avoid,Prefer to Avoid,Prefer to Avoid,Prefer to Avoid, Registered for post-noon class on Tues/Thurs,
17,125 CA & CB,4,Yes,Prioritize my time conflict request,Preferred,Preferred,Preferred,Preferred,,Preferred,,Preferred,Prefer to Avoid,Prefer to Avoid,Prefer to Avoid,Acceptable,Prefer to Avoid,Prefer to Avoid,Prefer to Avoid,Prefer to Avoid,Prefer to Avoid,Prefer to Avoid,Prefer to Avoid,Acceptable,Prefer to Avoid,Prefer to Avoid,Prefer to Avoid,Algebra seminar on Tuesdays 2:30-3:30. If possible also the algebra pre seminar 1:45-2:30.,I have a preference against early Quiz sections.
18,126 BE & BF,3,Yes,Prioritize my course request,Prefer to Avoid,Acceptable,Acceptable,Preferred,Acceptable,Preferred,Prefer to Avoid,Preferred,Preferred,Acceptable,Preferred,Preferred,Preferred,Preferred,Preferred,Prefer to Avoid,Preferred,Prefer to Avoid,Prefer to Avoid,Prefer to Avoid,Preferred,Prefer to Avoid,,,
19,464 GRADE,5,Yes,Prioritize my course request,Prefer to Avoid,Prefer to Avoid,Acceptable,Prefer to Avoid,Prefer to Avoid,Acceptable,Acceptable,Acceptable,Acceptable,Acceptable,Acceptable,Acceptable,Acceptable,Acceptable,Acceptable,Acceptable,Acceptable,Preferred,Prefer to Avoid,Prefer to Avoid,Prefer to Avoid,Prefer to Avoid,Prefer to Avoid,,"Ken Bube has reached out to me about resuming my TA duties for 464/465 the coming two quarters, I would appreciate doing precisely this!"
20,125 AA & AB,3,Yes,Prioritize my time conflict request,Preferred,Acceptable,Preferred,Prefer to Avoid,Prefer to Avoid,Prefer to Avoid,Prefer to Avoid,Acceptable,Prefer to Avoid,Prefer to Avoid,Prefer to Avoid,Acceptable,Prefer to Avoid,Preferred,Prefer to Avoid,Acceptable,Preferred,Prefer to Avoid,Prefer to Avoid,Preferred,Prefer to Avoid,Prefer to Avoid,Preferred,I want to attend Tuesday Algebraic Geometry/Algebra seminar (145-330pm). Tuesday and Thursday before 1030am is NOT preferred as I schedule advisor meetings then usually. ,I will prefer a grading job over a classroom TA job. 
21,120 AA & AB,2,Yes,Prioritize my course request,Preferred,Acceptable,Prefer to Avoid,Prefer to Avoid,Prefer to Avoid,Preferred,Prefer to Avoid,Acceptable,Prefer to Avoid,Prefer to Avoid,Prefer to Avoid,Prefer to Avoid,Acceptable,Prefer to Avoid,Prefer to Avoid,Prefer to Avoid,Prefer to Avoid,Prefer to Avoid,Prefer to Avoid,Prefer to Avoid,Prefer to Avoid,Prefer to Avoid,Prefer to Avoid,Conflicts from 9 to 11:40 AM,
22,RA,5,No,Prioritize my course request,,,,,,,,,,,,,,,,,,,,,,,,,"I anticipate being supported as an RA with my advisor, Professor Dmitriy Drusvyatskiy"
23,124 EC & ED,4,Yes,Prioritize my time conflict request,Prefer to Avoid,Acceptable,Acceptable,Acceptable,Prefer to Avoid,Preferred,Prefer to Avoid,Acceptable,Prefer to Avoid,Prefer to Avoid,Prefer to Avoid,Preferred,Prefer to Avoid,Preferred,Prefer to Avoid,Prefer to Avoid,Acceptable,Prefer to Avoid,Prefer to Avoid,,Prefer to Avoid,Prefer to Avoid,Prefer to Avoid,Tuesdays: number theory seminar 11am-12pm. Thursdays: class 3:30-5:30pm.,
24,126 CE & CF,2,Yes,Prioritize my course request,Prefer to Avoid,Prefer to Avoid,Prefer to Avoid,Acceptable,Acceptable,Acceptable,Prefer to Avoid,Preferred,Prefer to Avoid,Acceptable,Acceptable,Preferred,Acceptable,Preferred,Prefer to Avoid,Acceptable,Acceptable,Prefer to Avoid,Acceptable,Acceptable,Prefer to Avoid,Prefer to Avoid,Acceptable,prefer not to do afternoons if teaching section (conflict with Current Topics Thursday afternoons) ,
25,126 EA & EB,6,Yes,Prioritize my time conflict request,Acceptable,Preferred,Acceptable,Preferred,Prefer to Avoid,Prefer to Avoid,Acceptable,Acceptable,Prefer to Avoid,Acceptable,Acceptable,Acceptable,Prefer to Avoid,Prefer to Avoid,Prefer to Avoid,Acceptable,Acceptable,Prefer to Avoid,Prefer to Avoid,Prefer to Avoid,Prefer to Avoid,Prefer to Avoid,Prefer to Avoid,"TTh 4:30 - 5:30, T 1:45 - 3:30","I would prefer an assignment with a teaching component, so that I can have my teaching evaluated (for postdoc applications)."
26,124 BA & BB,4,Yes,Prioritize my course request,Acceptable,Acceptable,Prefer to Avoid,Prefer to Avoid,Prefer to Avoid,Preferred,Acceptable,Preferred,Acceptable,Prefer to Avoid,Acceptable,Preferred,Acceptable,Preferred,Prefer to Avoid,Prefer to Avoid,Preferred,Prefer to Avoid,Prefer to Avoid,Preferred,Prefer to Avoid,Prefer to Avoid,Prefer to Avoid,Tuesdays 1:45-3:30 (Prefer to avoid AAG seminar and preseminar),
27,125 CC & CD,2,Yes,Prioritize my course request,Prefer to Avoid,Acceptable,Acceptable,Acceptable,Acceptable,Preferred,,Preferred,Preferred,Acceptable,Preferred,Preferred,Acceptable,Preferred,Preferred,Acceptable,Acceptable,Prefer to Avoid,Prefer to Avoid,Acceptable,Prefer to Avoid,Prefer to Avoid,Prefer to Avoid,,
28,464 GRADE,5,Yes,Prioritize my course request,Prefer to Avoid,Prefer to Avoid,Prefer to Avoid,Prefer to Avoid,Prefer to Avoid,Acceptable,Prefer to Avoid,Acceptable,Acceptable,Prefer to Avoid,Acceptable,Preferred,Preferred,Preferred,Preferred,Preferred,Preferred,Prefer to Avoid,Prefer to Avoid,Prefer to Avoid,Preferred,Acceptable,Prefer to Avoid,,
29,407 GRADE,4,Yes,Prioritize my course request,Acceptable,Acceptable,Acceptable,Acceptable,Acceptable,Acceptable,Prefer to Avoid,Preferred,Acceptable,Acceptable,Preferred,Prefer to Avoid,Preferred,Prefer to Avoid,Acceptable,Prefer to Avoid,Preferred,Prefer to Avoid,Prefer to Avoid,Prefer to Avoid,Acceptable,Prefer to Avoid,Prefer to Avoid,,Francois requested that I be one of his TAs for Math 407 in the fall. I would be happy to do so.
30,NSF,3,No,Prioritize my course request,,,,,,,,,,,,,,,,,,,,,,,,,"Will not TA, expecting NSF GRFP funding."
31,126 EC & ED,3,Yes,Prioritize my time conflict request,Acceptable,Preferred,Preferred,Preferred,Prefer to Avoid,Preferred,Preferred,Preferred,Preferred,Prefer to Avoid,Acceptable,Preferred,Prefer to Avoid,Preferred,Preferred,Preferred,Preferred,Prefer to Avoid,Prefer to Avoid,Preferred,Prefer to Avoid,Prefer to Avoid,,"I am not a morning person - waking up for 8:30am section would be very difficult for me. Also, I would like to be able to attend AG seminar, but this is not the most important thing.",
32,125 BE & BF,2,Yes,Prioritize my time conflict request,Prefer to Avoid,Acceptable,Prefer to Avoid,Acceptable,Acceptable,Preferred,Prefer to Avoid,Acceptable,Preferred,Acceptable,Prefer to Avoid,Preferred,Prefer to Avoid,Acceptable,Acceptable,Acceptable,Preferred,Prefer to Avoid,Prefer to Avoid,Preferred,Prefer to Avoid,Acceptable,Preferred,"student AG seminar (Thursday 3:00-4:00?), algebra and algebraic geometry seminar (Tuesday 1:30 - 3:30?)",Please no early morning TA'ing (after 11:30 is strongly preferred; 10:30 is baseline tolerable)
33,125 DC & DD,2,Yes,Prioritize my course request,Prefer to Avoid,Prefer to Avoid,Prefer to Avoid,Acceptable,Prefer to Avoid,Preferred,Prefer to Avoid,Preferred,Preferred,Prefer to Avoid,Prefer to Avoid,Acceptable,Prefer to Avoid,Acceptable,Preferred,Prefer to Avoid,Preferred,Prefer to Avoid,Preferred,,Prefer to Avoid,Prefer to Avoid,Prefer to Avoid,,
34,125 DA & DB,3,Yes,Prioritize my course request,Prefer to Avoid,Prefer to Avoid,Acceptable,Acceptable,Acceptable,Preferred,Acceptable,Acceptable,Prefer to Avoid,Acceptable,Prefer to Avoid,Acceptable,Prefer to Avoid,Prefer to Avoid,Prefer to Avoid,Acceptable,Acceptable,Prefer to Avoid,Prefer to Avoid,Prefer to Avoid,Prefer to Avoid,Prefer to Avoid,Prefer to Avoid,T/R 9-11am,
35,300C GRADE,5,Yes,Prioritize my time conflict request,Prefer to Avoid,Prefer to Avoid,Prefer to Avoid,Prefer to Avoid,Acceptable,Preferred,Acceptable,Preferred,Prefer to Avoid,Prefer to Avoid,Preferred,Preferred,Preferred,Preferred,Prefer to Avoid,Prefer to Avoid,Prefer to Avoid,Acceptable,Acceptable,Acceptable,Acceptable,Prefer to Avoid,Prefer to Avoid,"My seminar will meet during the following times: Tuesdays and Thursdays, 8:30–12:30. I would greatly appreciate it if you could assign me a teaching position that avoids conflicts with these hours.","I’ve mostly been teaching calculus series so far, so I would be very grateful for the opportunity to TA a different type of course to broaden my teaching experience. Thank you very much for your consideration!"
36,126 BA & BB,4,Yes,Prioritize my course request,Prefer to Avoid,Prefer to Avoid,Prefer to Avoid,Prefer to Avoid,Acceptable,Acceptable,Prefer to Avoid,Preferred,Preferred,Preferred,Prefer to Avoid,Preferred,Prefer to Avoid,Preferred,Preferred,Preferred,Preferred,Prefer to Avoid,Prefer to Avoid,Preferred,Prefer to Avoid,Acceptable,Prefer to Avoid,Tuesday 1.45pm to 3.30 Algebraic geometry seminar,
37,NSF,4,No,Prioritize my course request,,,,,,,,,,,,,,,,,,,,,,,,,I will be taking my NSF stipend for the 2025-26 school year.
38,208C GRADE,5,Yes,Prioritize my time conflict request,Prefer to Avoid,Prefer to Avoid,Prefer to Avoid,Prefer to Avoid,Prefer to Avoid,Acceptable,,Acceptable,Acceptable,Acceptable,Acceptable,Preferred,Acceptable,Preferred,Preferred,Preferred,Preferred,Prefer to Avoid,Acceptable,Prefer to Avoid,Prefer to Avoid,Prefer to Avoid,Prefer to Avoid,Tuesday 1:30-4pm,
39,491 GRADE,5,Yes,Prioritize my course request,,,,,,,,,,,,,,,,,,,Preferred,,,,,,The instructor of the math 491 is professor Burdzy and he has agreed to have me as TA. Thank you very much!
40,424 GRADE,6,Yes,Prioritize my course request,Prefer to Avoid,Prefer to Avoid,Acceptable,Prefer to Avoid,Prefer to Avoid,Prefer to Avoid,Prefer to Avoid,Prefer to Avoid,Prefer to Avoid,Prefer to Avoid,Prefer to Avoid,Prefer to Avoid,Prefer to Avoid,Prefer to Avoid,Preferred,Prefer to Avoid,Prefer to Avoid,Prefer to Avoid,Prefer to Avoid,Prefer to Avoid,Prefer to Avoid,Prefer to Avoid,,Tuesday 1:30-3:00 and Thursday 12:30-1:30 conflict with seminars that I attend regularly on my subject,
41,124 DA & DB,5,Yes,Prioritize my time conflict request,Preferred,Preferred,Acceptable,Prefer to Avoid,Acceptable,Acceptable,Acceptable,Acceptable,Prefer to Avoid,Prefer to Avoid,Prefer to Avoid,Prefer to Avoid,Prefer to Avoid,Prefer to Avoid,Prefer to Avoid,Prefer to Avoid,Prefer to Avoid,Prefer to Avoid,Prefer to Avoid,Prefer to Avoid,Prefer to Avoid,Prefer to Avoid,Prefer to Avoid,Unavailable before 10:00,
42,208 D GRADE,5,Yes,Prioritize my course request,Prefer to Avoid,Prefer to Avoid,Prefer to Avoid,Prefer to Avoid,Prefer to Avoid,Acceptable,Prefer to Avoid,Preferred,Prefer to Avoid,Prefer to Avoid,Prefer to Avoid,Preferred,Prefer to Avoid,Preferred,Prefer to Avoid,Prefer to Avoid,Preferred,Prefer to Avoid,Prefer to Avoid,Prefer to Avoid,Prefer to Avoid,Prefer to Avoid,Prefer to Avoid,"Topology seminar, Algebraic geometry seminar",I will be applying for jobs in the fall and several seminar talks scheduled throughout the quarter. It would be extremely helpful to get a grading position for this fall to make this more manageable.
43,134 TA,6,Yes,Prioritize my course request,Acceptable,Acceptable,Preferred,Preferred,Preferred,Preferred,Prefer to Avoid,Acceptable,Preferred,Preferred,Prefer to Avoid,Prefer to Avoid,Prefer to Avoid,Prefer to Avoid,Preferred,Preferred,Preferred,Prefer to Avoid,Prefer to Avoid,Prefer to Avoid,Prefer to Avoid,Preferred,Acceptable,None,None
44,124 BC & BD,3,Yes,Prioritize my time conflict request,Acceptable,Preferred,Acceptable,Preferred,Prefer to Avoid,Prefer to Avoid,Prefer to Avoid,Preferred,Preferred,Prefer to Avoid,Prefer to Avoid,Preferred,Prefer to Avoid,Preferred,Acceptable,Prefer to Avoid,Preferred,Prefer to Avoid,Prefer to Avoid,Prefer to Avoid,Prefer to Avoid,Prefer to Avoid,Prefer to Avoid,Tuesdays 2:30-4:30,
45,124 FA & FB,2,Yes,Prioritize my course request,Acceptable,Preferred,Acceptable,Preferred,Prefer to Avoid,Acceptable,Acceptable,Acceptable,Acceptable,Prefer to Avoid,Prefer to Avoid,Acceptable,Prefer to Avoid,Prefer to Avoid,Prefer to Avoid,Prefer to Avoid,Acceptable,Prefer to Avoid,Prefer to Avoid,Prefer to Avoid,Prefer to Avoid,Prefer to Avoid,Prefer to Avoid,None.,
46,126 BC & BD,2,Yes,Prioritize my time conflict request,Acceptable,Preferred,Preferred,Acceptable,Prefer to Avoid,Prefer to Avoid,Prefer to Avoid,Prefer to Avoid,Prefer to Avoid,Prefer to Avoid,Prefer to Avoid,Prefer to Avoid,Prefer to Avoid,Prefer to Avoid,Prefer to Avoid,Prefer to Avoid,Prefer to Avoid,Prefer to Avoid,Prefer to Avoid,Prefer to Avoid,Prefer to Avoid,Prefer to Avoid,Prefer to Avoid,I have personal responsibilities to attend to in the early mornings. I would like to teach during the midday slot if possible.,"Is it possible to TA for Charles Camacho? One of my goals is to teach mathematics, so I would like to work with him as a TA as I did during this past winter quarter. If not, then I understand."
47,126 DC & DD,2,Yes,Prioritize my course request,Prefer to Avoid,Prefer to Avoid,Prefer to Avoid,Preferred,Preferred,Preferred,Preferred,Acceptable,Acceptable,Acceptable,Acceptable,Prefer to Avoid,Acceptable,Prefer to Avoid,Preferred,Acceptable,Prefer to Avoid,Prefer to Avoid,Preferred,Prefer to Avoid,Prefer to Avoid,Acceptable,Prefer to Avoid,,
48,120 BA & BB,6,Yes,Prioritize my course request,Preferred,Preferred,Preferred,Preferred,Prefer to Avoid,Prefer to Avoid,Prefer to Avoid,Prefer to Avoid,Prefer to Avoid,Prefer to Avoid,Prefer to Avoid,Prefer to Avoid,Prefer to Avoid,Prefer to Avoid,Prefer to Avoid,Prefer to Avoid,Prefer to Avoid,Prefer to Avoid,Prefer to Avoid,Prefer to Avoid,Prefer to Avoid,Prefer to Avoid,Prefer to Avoid,N/A,"I would also be interested in an instructor position if there are any available, especially in the 12X sequence! I understand if that isn't possible, but I'm noting my interest here just in case. I plan to apply for teaching jobs in fall, but I'm concerned I don't have enough experience, having only taught one class three years ago."
49,124 EF & EG,2,Yes,Prioritize my course request,Prefer to Avoid,Acceptable,Prefer to Avoid,Acceptable,Acceptable,Preferred,Prefer to Avoid,Prefer to Avoid,Prefer to Avoid,Prefer to Avoid,Prefer to Avoid,Prefer to Avoid,Prefer to Avoid,Prefer to Avoid,Acceptable,Prefer to Avoid,Acceptable,Prefer to Avoid,Prefer to Avoid,Prefer to Avoid,Prefer to Avoid,Prefer to Avoid,Preferred,,"I spoke with Professor John Palmieri about being the TA for Math 544, and he has agreed."
50,381 GRADE,5,Yes,Prioritize my course request,Preferred,Preferred,Acceptable,Acceptable,Acceptable,Preferred,Prefer to Avoid,Acceptable,Acceptable,Prefer to Avoid,Preferred,Prefer to Avoid,Prefer to Avoid,Prefer to Avoid,Acceptable,Prefer to Avoid,Prefer to Avoid,Prefer to Avoid,Prefer to Avoid,Prefer to Avoid,Prefer to Avoid,Prefer to Avoid,Prefer to Avoid,-,"I am hoping that I can TA for my advisor, Gaku Liu, for Math 381. He and I have discussed it, and he also will indicate that he would like to have me as his TA. Thank you!"
51,124 DC & DD,6,Yes,Prioritize my course request,Prefer to Avoid,Prefer to Avoid,Prefer to Avoid,Prefer to Avoid,Prefer to Avoid,Prefer to Avoid,Prefer to Avoid,Prefer to Avoid,Preferred,Prefer to Avoid,Preferred,Prefer to Avoid,Prefer to Avoid,Prefer to Avoid,Preferred,Acceptable,Prefer to Avoid,Acceptable,Prefer to Avoid,Prefer to Avoid,Prefer to Avoid,Prefer to Avoid,Prefer to Avoid,,
52,504 GRADE,6,Yes,Prioritize my time conflict request,Acceptable,Acceptable,Acceptable,Acceptable,Acceptable,Acceptable,Preferred,Acceptable,Acceptable,Acceptable,Prefer to Avoid,Preferred,Prefer to Avoid,Preferred,Acceptable,Acceptable,Acceptable,Acceptable,Prefer to Avoid,Preferred,Prefer to Avoid,Prefer to Avoid,Prefer to Avoid,"AAG seminar tuesdays, conflict usually from 12-3:30",
53,407 GRADE,4,Yes,Prioritize my course request,Prefer to Avoid,Prefer to Avoid,Prefer to Avoid,Prefer to Avoid,Prefer to Avoid,Prefer to Avoid,Prefer to Avoid,Prefer to Avoid,Prefer to Avoid,Prefer to Avoid,Prefer to Avoid,Prefer to Avoid,Preferred,Prefer to Avoid,Prefer to Avoid,Prefer to Avoid,Prefer to Avoid,Prefer to Avoid,Prefer to Avoid,Prefer to Avoid,Prefer to Avoid,Prefer to Avoid,Prefer to Avoid,,"François sent an email on June 5th to Sarah Garner about me TA'ing Math 407. If that can't be accommodated, can you please let me know? So I can start figuring out asap what options I might have for TAing / CGGC research school"
54,124 FE & FF,3,Yes,Prioritize my course request,Prefer to Avoid,Prefer to Avoid,Prefer to Avoid,Prefer to Avoid,Prefer to Avoid,Prefer to Avoid,Prefer to Avoid,Preferred,Preferred,Prefer to Avoid,Prefer to Avoid,Prefer to Avoid,Prefer to Avoid,Prefer to Avoid,Preferred,Acceptable,Prefer to Avoid,Prefer to Avoid,Prefer to Avoid,Prefer to Avoid,Prefer to Avoid,Acceptable,Prefer to Avoid,,
55,IC Tutor,6,Yes,Prioritize my course request,Prefer to Avoid,Acceptable,Acceptable,Acceptable,Acceptable,Acceptable,Preferred,Acceptable,Acceptable,Acceptable,Acceptable,Acceptable,Acceptable,Acceptable,Acceptable,Acceptable,Acceptable,Acceptable,Acceptable,Prefer to Avoid,Prefer to Avoid,Prefer to Avoid,Prefer to Avoid,,
56,126 AC & AD,2,Yes,Prioritize my time conflict request,Prefer to Avoid,Prefer to Avoid,Prefer to Avoid,Preferred,Acceptable,Preferred,Prefer to Avoid,Acceptable,Acceptable,Acceptable,,Preferred,,,Acceptable,Preferred,Preferred,,,,,,,"AAG seminars on Tuesday (after 2pm), Student AG seminar which has been on Thursday afternoons but is unplanned yet for next term, and (less significant) NT seminar at 11am Tuesday",
57,334 TA,4,Yes,Prioritize my course request,Prefer to Avoid,Acceptable,Acceptable,Acceptable,Acceptable,Preferred,Acceptable,Acceptable,Preferred,Preferred,Acceptable,Prefer to Avoid,Preferred,Prefer to Avoid,Preferred,Preferred,Preferred,Preferred,Preferred,Prefer to Avoid,Prefer to Avoid,Acceptable,Acceptable,,
58,427 GRADE,4,Yes,Prioritize my time conflict request,,Acceptable,Acceptable,Acceptable,Acceptable,Prefer to Avoid,,Preferred,Preferred,Preferred,Prefer to Avoid,Preferred,Prefer to Avoid,Preferred,Preferred,Preferred,Preferred,Prefer to Avoid,Preferred,Preferred,Prefer to Avoid,Preferred,Preferred,"AAG seminar on Tuesdays, 13:45-15:30; Number Theory seminar on Thursdays, 11-11:50; Rainwater seminar on Tuesdays 13:30-15:30",
59,120 BC & BD,3,Yes,Prioritize my course request,Preferred,Acceptable,Prefer to Avoid,Preferred,Prefer to Avoid,Prefer to Avoid,Acceptable,Acceptable,Prefer to Avoid,Prefer to Avoid,Prefer to Avoid,Acceptable,Prefer to Avoid,Preferred,Prefer to Avoid,Prefer to Avoid,Prefer to Avoid,Prefer to Avoid,Prefer to Avoid,Prefer to Avoid,Prefer to Avoid,Prefer to Avoid,Prefer to Avoid,,
60,300C GRADE,6,Yes,Prioritize my course request,Acceptable,Acceptable,Prefer to Avoid,Prefer to Avoid,Prefer to Avoid,Preferred,Acceptable,Preferred,Prefer to Avoid,Prefer to Avoid,Prefer to Avoid,Prefer to Avoid,Acceptable,Prefer to Avoid,Prefer to Avoid,Prefer to Avoid,Prefer to Avoid,Prefer to Avoid,Acceptable,Prefer to Avoid,Prefer to Avoid,Prefer to Avoid,Prefer to Avoid,,I'm sad my fav math 111 isn't on this list :(( but I love math 300 and 208 as well :)))
61,124 EA & EB,3,Yes,Prioritize my time conflict request,Acceptable,Preferred,Prefer to Avoid,Acceptable,Prefer to Avoid,Acceptable,Acceptable,Preferred,Acceptable,Acceptable,Prefer to Avoid,Preferred,Prefer to Avoid,Preferred,Acceptable,Acceptable,Acceptable,Prefer to Avoid,Prefer to Avoid,Preferred,Prefer to Avoid,Prefer to Avoid,Prefer to Avoid,"Tuesday, 11am-1pm is unavailable",thank you!!
62,124 CE & CF,2,Yes,Prioritize my time conflict request,Prefer to Avoid,Acceptable,Prefer to Avoid,Acceptable,Acceptable,Prefer to Avoid,,Prefer to Avoid,Prefer to Avoid,Acceptable,Prefer to Avoid,Acceptable,Prefer to Avoid,Prefer to Avoid,Prefer to Avoid,Prefer to Avoid,Acceptable,Prefer to Avoid,Prefer to Avoid,Prefer to Avoid,Prefer to Avoid,Prefer to Avoid,Preferred,Topology seminar 2:30-4:30pm on Tuesday,
63,124 GA & GB,2,Yes,Prioritize my time conflict request,Acceptable,Preferred,Prefer to Avoid,Preferred,Acceptable,Acceptable,Prefer to Avoid,Acceptable,Acceptable,Prefer to Avoid,Prefer to Avoid,Acceptable,Prefer to Avoid,Prefer to Avoid,Prefer to Avoid,Prefer to Avoid,Prefer to Avoid,Prefer to Avoid,Prefer to Avoid,Prefer to Avoid,Prefer to Avoid,Prefer to Avoid,Prefer to Avoid,,"Later teaching times would be preferred, if possible."
64,120 AE & AF,3,Yes,Prioritize my time conflict request,Preferred,Acceptable,Prefer to Avoid,Preferred,Prefer to Avoid,Preferred,Acceptable,Preferred,Prefer to Avoid,Prefer to Avoid,Preferred,Preferred,Preferred,Preferred,Prefer to Avoid,Prefer to Avoid,Acceptable,Prefer to Avoid,Prefer to Avoid,Prefer to Avoid,Prefer to Avoid,Prefer to Avoid,Prefer to Avoid,Tuesday 10:30-2:30,
65,544 GRADE,5,Yes,Prioritize my course request,Prefer to Avoid,Prefer to Avoid,Prefer to Avoid,Prefer to Avoid,Prefer to Avoid,Acceptable,Prefer to Avoid,Acceptable,Acceptable,Prefer to Avoid,Acceptable,Preferred,Acceptable,Preferred,Prefer to Avoid,Prefer to Avoid,Acceptable,Prefer to Avoid,Prefer to Avoid,Prefer to Avoid,Prefer to Avoid,Prefer to Avoid,Prefer to Avoid,,
66,120 AC & AD,3,Yes,Prioritize my course request,Preferred,Acceptable,Acceptable,Acceptable,Prefer to Avoid,Acceptable,Prefer to Avoid,Preferred,Prefer to Avoid,Prefer to Avoid,Preferred,Acceptable,Preferred,Acceptable,Prefer to Avoid,Prefer to Avoid,Prefer to Avoid,Prefer to Avoid,Prefer to Avoid,Prefer to Avoid,Preferred,Prefer to Avoid,Prefer to Avoid,,"If doing an intro level course, I would love to have a room set up for active learning, if possible."
67,1/2 GSR & 124 GE,3,Yes,Prioritize my time conflict request,Prefer to Avoid,Acceptable,Acceptable,Acceptable,Acceptable,Preferred,Acceptable,Preferred,Prefer to Avoid,Acceptable,Preferred,Acceptable,Acceptable,Preferred,Prefer to Avoid,Prefer to Avoid,Acceptable,Acceptable,Acceptable,Acceptable,Preferred,Prefer to Avoid,Prefer to Avoid,If possible I'd like to keep 10:30-11:20 available  on Tu/Th,
68,125 BG & BH,4,Yes,Prioritize my course request,Prefer to Avoid,Prefer to Avoid,Prefer to Avoid,Prefer to Avoid,Prefer to Avoid,Acceptable,Prefer to Avoid,Preferred,Preferred,Preferred,Preferred,Acceptable,Preferred,Acceptable,Preferred,Preferred,Preferred,Preferred,Preferred,Prefer to Avoid,Acceptable,Acceptable,Acceptable,"I may need to join GSAS seminar on Thursdays 12:30-1:30, thank you!",I would prefer a grading job in the fall quarter. Thank you very much!
69,327 GRADE,6,Yes,Prioritize my course request,Preferred,Acceptable,Acceptable,Acceptable,Prefer to Avoid,Preferred,Preferred,Acceptable,Acceptable,Prefer to Avoid,Preferred,Acceptable,Prefer to Avoid,Prefer to Avoid,Acceptable,Prefer to Avoid,Preferred,Prefer to Avoid,Prefer to Avoid,Preferred,Prefer to Avoid,Prefer to Avoid,Preferred,Seminar 9:30-11:30,Hoping to graduate in march
70,MATH 207 ENGR,5,Yes,Prioritize my course request,,,,,,,,,,,,,,,,,,,,,,,,,I will be teaching MATH 207 in Rome this fall through the Engineering Italy study abroad program.
71,402A GRADE,4,Yes,Prioritize my course request,Prefer to Avoid,Prefer to Avoid,Prefer to Avoid,Prefer to Avoid,Prefer to Avoid,Prefer to Avoid,Acceptable,Preferred,Preferred,Acceptable,Prefer to Avoid,Preferred,Prefer to Avoid,Acceptable,Acceptable,Acceptable,Acceptable,Prefer to Avoid,Prefer to Avoid,Acceptable,Prefer to Avoid,Prefer to Avoid,Prefer to Avoid,Tuesday Algebraic Geometry seminar 12pm to 3:30pm,
72,125 CE & CF,3,Yes,Prioritize my course request,Prefer to Avoid,Prefer to Avoid,Prefer to Avoid,Acceptable,Acceptable,Prefer to Avoid,Prefer to Avoid,Acceptable,Prefer to Avoid,Prefer to Avoid,Prefer to Avoid,Prefer to Avoid,Prefer to Avoid,Prefer to Avoid,Prefer to Avoid,Prefer to Avoid,Preferred,Prefer to Avoid,Prefer to Avoid,Prefer to Avoid,Prefer to Avoid,Prefer to Avoid,Prefer to Avoid,,
73,125 AC & AD,5,Yes,Prioritize my time conflict request,Prefer to Avoid,Acceptable,Preferred,Preferred,Preferred,Preferred,Prefer to Avoid,Preferred,,,Acceptable,,,,,,,Acceptable,Preferred,,,,,,
74,514 GRADE,5,Yes,Prioritize my course request,Prefer to Avoid,Prefer to Avoid,Acceptable,Acceptable,Prefer to Avoid,Preferred,Acceptable,Acceptable,Prefer to Avoid,Acceptable,Acceptable,Acceptable,Preferred,Preferred,Acceptable,Acceptable,Acceptable,Acceptable,Acceptable,Prefer to Avoid,Preferred,Prefer to Avoid,Prefer to Avoid,,
75,125 BC & BD,3,Yes,Prioritize my time conflict request,Prefer to Avoid,Prefer to Avoid,Acceptable,Acceptable,Acceptable,Preferred,Preferred,Acceptable,Preferred,Acceptable,Acceptable,Preferred,Acceptable,Preferred,Preferred,Preferred,Acceptable,Acceptable,Acceptable,Acceptable,Acceptable,Preferred,Acceptable,I cannot teach Tuesday and Thursday from 1:45 to 3:30 due to AG seminar.,
76,124 BE & BF,2,Yes,Prioritize my course request,Prefer to Avoid,Prefer to Avoid,Prefer to Avoid,Acceptable,Prefer to Avoid,Acceptable,Prefer to Avoid,Acceptable,Preferred,Preferred,Preferred,Preferred,Preferred,Acceptable,Acceptable,Acceptable,Prefer to Avoid,Prefer to Avoid,Prefer to Avoid,Prefer to Avoid,Prefer to Avoid,Prefer to Avoid,Prefer to Avoid,Thursdays 12:30-1:30,
77,125 CG & DE,5,Yes,Prioritize my time conflict request,Acceptable,Acceptable,Acceptable,Acceptable,Acceptable,Acceptable,Prefer to Avoid,Preferred,Preferred,Preferred,Preferred,Preferred,Preferred,Preferred,Preferred,Preferred,Preferred,Preferred,Preferred,Preferred,Preferred,Preferred,Preferred,"Number Theory Seminar Tuesday 11am-12pm (and possible lunch after to 1:30pm or so), generally prefer away from mornings but this is flexible.",
78,126 AE & AF,2,Yes,Prioritize my course request,Acceptable,Acceptable,Acceptable,Acceptable,Acceptable,Preferred,Acceptable,Acceptable,Acceptable,Acceptable,Acceptable,Acceptable,Acceptable,Acceptable,Acceptable,Acceptable,Acceptable,Acceptable,Acceptable,Acceptable,Acceptable,Acceptable,Acceptable,Algebraic geometry seminar and algebraic topology,
79,126 DA & DB,6,Yes,Prioritize my time conflict request,,Prefer to Avoid,Acceptable,Preferred,,Acceptable,,,,,,,,,,,,,,,,,,9:30-11:30,
80,RA,5,Yes,Prioritize my course request,Prefer to Avoid,Prefer to Avoid,Prefer to Avoid,Prefer to Avoid,Prefer to Avoid,Prefer to Avoid,Prefer to Avoid,Preferred,Prefer to Avoid,Prefer to Avoid,Prefer to Avoid,Preferred,Preferred,Preferred,Prefer to Avoid,Prefer to Avoid,Preferred,Prefer to Avoid,Prefer to Avoid,Prefer to Avoid,Prefer to Avoid,Prefer to Avoid,Prefer to Avoid,,I was wondering if I could get a grading job (such as MATH 402) since I will be away for a workshop in Spain for the most of the quarter. Thank you for your time and consideration.
81,1/2 GSR & 124 BG,3,Yes,Prioritize my time conflict request,Acceptable,Acceptable,Prefer to Avoid,Acceptable,Acceptable,Preferred,Acceptable,Prefer to Avoid,Prefer to Avoid,Prefer to Avoid,Preferred,Acceptable,Preferred,Acceptable,Prefer to Avoid,Prefer to Avoid,Prefer to Avoid,Acceptable,Prefer to Avoid,Prefer to Avoid,Prefer to Avoid,Acceptable,Prefer to Avoid,"Tuesdays 3:30 - 5pm (faculty meetings), Thursdays 4:30-5:30 (Current Topics seminar)",It is my understanding that as the incoming GSR I'm supposed to get only a half teaching assignment.
82,208B GRADE,3,Yes,Prioritize my course request,Prefer to Avoid,Prefer to Avoid,Prefer to Avoid,Prefer to Avoid,Prefer to Avoid,Prefer to Avoid,Prefer to Avoid,Acceptable,Acceptable,Preferred,Preferred,Preferred,Preferred,Preferred,Preferred,Preferred,Preferred,Preferred,Preferred,Preferred,Preferred,Preferred,Preferred,AAG Seminar: Tuesdays 145-330 ,"I would like to focus on my research as I have several ongoing projects and deadlines to beat, so I'd appreciate any upper-level grading assignment!"
83,208C GRADE,6,Yes,Prioritize my time conflict request,Prefer to Avoid,Prefer to Avoid,Prefer to Avoid,Prefer to Avoid,Prefer to Avoid,Preferred,Prefer to Avoid,Prefer to Avoid,Acceptable,Acceptable,Prefer to Avoid,Preferred,Prefer to Avoid,Preferred,Prefer to Avoid,Prefer to Avoid,Prefer to Avoid,Prefer to Avoid,Prefer to Avoid,Prefer to Avoid,Prefer to Avoid,Prefer to Avoid,Prefer to Avoid,I can’t work on Tuesday and Thursday from 9:30 to 12:00,
